<?xml version="1.0" encoding="utf-8" standalone="yes" ?>
<rss version="2.0" xmlns:atom="http://www.w3.org/2005/Atom">
  <channel>
    <title>Authors | Umar Farooq</title>
    <link>http://www.cs.ucr.edu/~ufaro001/authors/</link>
      <atom:link href="http://www.cs.ucr.edu/~ufaro001/authors/index.xml" rel="self" type="application/rss+xml" />
    <description>Authors</description>
    <generator>Source Themes Academic (https://sourcethemes.com/academic/)</generator><language>en-us</language><copyright>© 2016-2019 Umar Farooq </copyright><lastBuildDate>Sat, 01 Jun 2019 16:07:09 -0700</lastBuildDate>
    <image>
      <url>http://www.cs.ucr.edu/~ufaro001/img/icon-192.png</url>
      <title>Authors</title>
      <link>http://www.cs.ucr.edu/~ufaro001/authors/</link>
    </image>
    
    <item>
      <title>Umar Farooq</title>
      <link>http://www.cs.ucr.edu/~ufaro001/authors/umar-farooq/</link>
      <pubDate>Sat, 01 Jun 2019 16:07:09 -0700</pubDate>
      <guid>http://www.cs.ucr.edu/~ufaro001/authors/umar-farooq/</guid>
      <description></description>
    </item>
    
    <item>
      <title>Zhijia Zhao</title>
      <link>http://www.cs.ucr.edu/~ufaro001/authors/zhijia-zhao/</link>
      <pubDate>Sat, 01 Jun 2019 16:07:09 -0700</pubDate>
      <guid>http://www.cs.ucr.edu/~ufaro001/authors/zhijia-zhao/</guid>
      <description></description>
    </item>
    
    <item>
      <title>Lin Jiang</title>
      <link>http://www.cs.ucr.edu/~ufaro001/authors/lin-jiang/</link>
      <pubDate>Mon, 01 Apr 2019 15:58:20 -0700</pubDate>
      <guid>http://www.cs.ucr.edu/~ufaro001/authors/lin-jiang/</guid>
      <description></description>
    </item>
    
    <item>
      <title>Xiaofan Sun</title>
      <link>http://www.cs.ucr.edu/~ufaro001/authors/xiaofan-sun/</link>
      <pubDate>Mon, 01 Apr 2019 15:58:20 -0700</pubDate>
      <guid>http://www.cs.ucr.edu/~ufaro001/authors/xiaofan-sun/</guid>
      <description></description>
    </item>
    
    <item>
      <title></title>
      <link>http://www.cs.ucr.edu/~ufaro001/authors/admin/</link>
      <pubDate>Mon, 01 Jan 0001 00:00:00 +0000</pubDate>
      <guid>http://www.cs.ucr.edu/~ufaro001/authors/admin/</guid>
      <description>&lt;p&gt;I am a Ph.D. Candidate in &lt;a href=&#34;https://www.cs.ucr.edu/&#34; target=&#34;_blank&#34;&gt;Computer Science &amp;amp; Engineering &lt;/a&gt; at University of California Riverside(UCR), Where I work with &lt;a href=&#34;https://www.cs.ucr.edu/~zhijia/&#34; target=&#34;_blank&#34;&gt;Dr. Zhijia Zhao&lt;/a&gt;. My research has been recognized with a &lt;em&gt;&lt;a href=&#34;https://www.sigmobile.org/mobisys/2018/papers/&#34; target=&#34;_blank&#34;&gt;Best Paper Runner-up Award&lt;/a&gt;&lt;/em&gt; @ MobiSys&amp;rsquo;18 and &lt;em&gt;&lt;a href=&#34;https://beta.sigmobile.org/articles/research-highlights&#34; target=&#34;_blank&#34;&gt;ACM SIGMOBILE Research Highlights (2018)&lt;/a&gt;&lt;/em&gt;.&lt;/p&gt;

&lt;p&gt;My research interests lie broadly in mobile systems and applications, with a focus on designing and applying program analysis and refactoring techniques to address real-world issues in the mobile systems and applications. Prior to that, I worked as Software Engineer at multiple companies where I worked on Mobile Apps &amp;amp; Games design and development. I have received my undergraduate degree from Virtual University of Pakistan, Lahore.&lt;/p&gt;
</description>
    </item>
    
  </channel>
</rss>
