<?xml version="1.0" encoding="utf-8" standalone="yes" ?>
<rss version="2.0" xmlns:atom="http://www.w3.org/2005/Atom">
  <channel>
    <title>Posts | Umar Farooq</title>
    <link>http://www.cs.ucr.edu/~ufaro001/post/</link>
      <atom:link href="http://www.cs.ucr.edu/~ufaro001/post/index.xml" rel="self" type="application/rss+xml" />
    <description>Posts</description>
    <generator>Source Themes Academic (https://sourcethemes.com/academic/)</generator><language>en-us</language><copyright>© 2016-2019 Umar Farooq </copyright>
    <image>
      <url>http://www.cs.ucr.edu/~ufaro001/img/icon-192.png</url>
      <title>Posts</title>
      <link>http://www.cs.ucr.edu/~ufaro001/post/</link>
    </image>
    
  </channel>
</rss>
