<?xml version="1.0" encoding="utf-8" standalone="yes" ?>
<rss version="2.0" xmlns:atom="http://www.w3.org/2005/Atom">
  <channel>
    <title>Umar Farooq</title>
    <link>http://www.cs.ucr.edu/~ufaro001/</link>
      <atom:link href="http://www.cs.ucr.edu/~ufaro001/index.xml" rel="self" type="application/rss+xml" />
    <description>Umar Farooq</description>
    <generator>Source Themes Academic (https://sourcethemes.com/academic/)</generator><language>en-us</language><copyright>© 2016-2019 Umar Farooq </copyright><lastBuildDate>Sat, 01 Jun 2019 16:07:09 -0700</lastBuildDate>
    <image>
      <url>http://www.cs.ucr.edu/~ufaro001/img/icon-192.png</url>
      <title>Umar Farooq</title>
      <link>http://www.cs.ucr.edu/~ufaro001/</link>
    </image>
    
    <item>
      <title>RuntimeDroid: Restarting-Free Runtime Change Handling for Android Apps</title>
      <link>http://www.cs.ucr.edu/~ufaro001/publication/getmobile/</link>
      <pubDate>Sat, 01 Jun 2019 16:07:09 -0700</pubDate>
      <guid>http://www.cs.ucr.edu/~ufaro001/publication/getmobile/</guid>
      <description></description>
    </item>
    
    <item>
      <title>Scalable Processing of Contemporary Semi-Structured Data on Commodity Parallel Processors - A Compilation-based Approach</title>
      <link>http://www.cs.ucr.edu/~ufaro001/publication/asplos19/</link>
      <pubDate>Mon, 01 Apr 2019 15:58:20 -0700</pubDate>
      <guid>http://www.cs.ucr.edu/~ufaro001/publication/asplos19/</guid>
      <description></description>
    </item>
    
    <item>
      <title>RuntimeDroid: Restarting-Free Runtime Change Handling for Android Apps</title>
      <link>http://www.cs.ucr.edu/~ufaro001/publication/mobisys18/</link>
      <pubDate>Fri, 01 Jun 2018 15:31:18 -0700</pubDate>
      <guid>http://www.cs.ucr.edu/~ufaro001/publication/mobisys18/</guid>
      <description></description>
    </item>
    
  </channel>
</rss>
