<?xml version="1.0" encoding="utf-8" standalone="yes" ?>
<rss version="2.0" xmlns:atom="http://www.w3.org/2005/Atom">
  <channel>
    <title>Xiaofan Sun | Umar Farooq</title>
    <link>http://www.cs.ucr.edu/~ufaro001/authors/xiaofan-sun/</link>
      <atom:link href="http://www.cs.ucr.edu/~ufaro001/authors/xiaofan-sun/index.xml" rel="self" type="application/rss+xml" />
    <description>Xiaofan Sun</description>
    <generator>Source Themes Academic (https://sourcethemes.com/academic/)</generator><language>en-us</language><copyright>© 2016-2019 Umar Farooq </copyright><lastBuildDate>Mon, 01 Apr 2019 15:58:20 -0700</lastBuildDate>
    <image>
      <url>http://www.cs.ucr.edu/~ufaro001/img/icon-192.png</url>
      <title>Xiaofan Sun</title>
      <link>http://www.cs.ucr.edu/~ufaro001/authors/xiaofan-sun/</link>
    </image>
    
    <item>
      <title>Scalable Processing of Contemporary Semi-Structured Data on Commodity Parallel Processors - A Compilation-based Approach</title>
      <link>http://www.cs.ucr.edu/~ufaro001/publication/asplos19/</link>
      <pubDate>Mon, 01 Apr 2019 15:58:20 -0700</pubDate>
      <guid>http://www.cs.ucr.edu/~ufaro001/publication/asplos19/</guid>
      <description></description>
    </item>
    
  </channel>
</rss>
